{
  "execPath": "/Users/macbookpro/.platformio/packages/toolchain-xtensa/bin/xtensa-lx106-elf-g++",
  "gccDefaultCFlags": "-fsyntax-only -std=gnu99 -Wpointer-arith -Wno-implicit-function-declaration -Wl,-EL -fno-inline-functions -nostdlib -Os -mlongcalls -mtext-section-literals -falign-functions=4 -ffunction-sections -fdata-sections -DF_CPU=80000000L -D__ets__ -DICACHE_FLASH -DPLATFORMIO=021101 -DESP8266 -DARDUINO_ARCH_ESP8266 -DESP8266_WEMOS_D1MINI -DARDUINO=20300 -U__STRICT_ANSI__",
  "gccDefaultCppFlags": "-fsyntax-only -fno-rtti -fno-exceptions -std=c++11 -Os -mlongcalls -mtext-section-literals -falign-functions=4 -ffunction-sections -fdata-sections -DF_CPU=80000000L -D__ets__ -DICACHE_FLASH -DPLATFORMIO=021101 -DESP8266 -DARDUINO_ARCH_ESP8266 -DESP8266_WEMOS_D1MINI -DARDUINO=20300 -U__STRICT_ANSI__",
  "gccErrorLimit": 15,
  "gccIncludePaths": "/Users/macbookpro/.platformio/packages/framework-arduinoespressif/variants/generic,/Users/macbookpro/.platformio/packages/framework-arduinoespressif/variants/d1_mini,/Users/macbookpro/.platformio/packages/framework-arduinoespressif/cores/esp8266,/Users/macbookpro/.platformio/packages/framework-arduinoespressif/cores/esp8266/libb64,/Users/macbookpro/.platformio/packages/framework-arduinoespressif/cores/esp8266/spiffs,/Users/macbookpro/.platformio/packages/framework-arduinoespressif/cores/esp8266/umm_malloc,/Users/macbookpro/.platformio/packages/framework-arduinoespressif/tools/sdk/include,/Users/macbookpro/.platformio/packages/framework-arduinoespressif/tools/sdk/lwip/include,/Users/macbookpro/Documents/DevMac/RedAlert/Arduino/RedAlert/src,/Users/macbookpro/.platformio/packages/framework-arduinoespressif/libraries/ArduinoOTA,/Users/macbookpro/.platformio/packages/framework-arduinoespressif/libraries/DNSServer/src,/Users/macbookpro/.platformio/packages/framework-arduinoespressif/libraries/EEPROM,/Users/macbookpro/.platformio/packages/framework-arduinoespressif/libraries/ESP8266AVRISP/src,/Users/macbookpro/.platformio/packages/framework-arduinoespressif/libraries/ESP8266HTTPClient/src,/Users/macbookpro/.platformio/packages/framework-arduinoespressif/libraries/ESP8266HTTPUpdateServer/src,/Users/macbookpro/.platformio/packages/framework-arduinoespressif/libraries/ESP8266SSDP,/Users/macbookpro/.platformio/packages/framework-arduinoespressif/libraries/ESP8266WebServer/src,/Users/macbookpro/.platformio/packages/framework-arduinoespressif/libraries/ESP8266WiFi/src,/Users/macbookpro/.platformio/packages/framework-arduinoespressif/libraries/ESP8266WiFiMesh/src,/Users/macbookpro/.platformio/packages/framework-arduinoespressif/libraries/ESP8266httpUpdate/src,/Users/macbookpro/.platformio/packages/framework-arduinoespressif/libraries/ESP8266mDNS,/Users/macbookpro/.platformio/packages/framework-arduinoespressif/libraries/Ethernet/src,/Users/macbookpro/.platformio/packages/framework-arduinoespressif/libraries/GDBStub/src,/Users/macbookpro/.platformio/packages/framework-arduinoespressif/libraries/Hash/src,/Users/macbookpro/.platformio/packages/framework-arduinoespressif/libraries/SD/src,/Users/macbookpro/.platformio/packages/framework-arduinoespressif/libraries/SPI,/Users/macbookpro/.platformio/packages/framework-arduinoespressif/libraries/Servo/src,/Users/macbookpro/.platformio/packages/framework-arduinoespressif/libraries/SoftwareSerial,/Users/macbookpro/.platformio/packages/framework-arduinoespressif/libraries/TFT_Touch_Shield_V2,/Users/macbookpro/.platformio/packages/framework-arduinoespressif/libraries/Ticker,/Users/macbookpro/.platformio/packages/framework-arduinoespressif/libraries/Wire,/Users/macbookpro/.platformio/packages/framework-arduinoespressif/libraries/esp8266/src,/Users/macbookpro/.platformio/packages/toolchain-xtensa/xtensa-lx106-elf/include,/Users/macbookpro/.platformio/packages/toolchain-xtensa/lib/gcc/xtensa-lx106-elf/4.8.2/include,/Users/macbookpro/.platformio/packages/toolchain-xtensa/lib/gcc/xtensa-lx106-elf/4.8.2/include-fixed",
  "gccSuppressWarnings": false
}
